% Model,※磁场聚焦光电阴极模型（30纳米-毫米尺度）.mph
% Version,COMSOL 6.4.0.293
% Date,"May 9 2026, 18:36"
% Dimension,2
% Nodes,1000
% Expressions,2
% Description,庞加莱图
% cpl1x,cpl1y,Color,Radius
0.012227551704043306,0.013443750867576444,0,1
0.010078579165652166,0.014193447574375266,0,1
0.011363010547033668,0.014525571581163936,0,1
0.012292121666346408,0.012974083614939803,0,1
0.0138766422015174,0.008284574274765451,0,1
0.014378162768069061,0.009660243093468723,0,1
0.018583732942504733,0.006820688060119277,0,1
0.01576353374264663,0.0076020593542746265,0,1
0.015511410310131112,0.007950207493660369,0,1
0.015161606152698246,0.009495838532814514,0,1
0.013259622364424455,0.010116488695363746,0,1
0.012963671704639057,0.01108250696741973,0,1
0.012670254439939547,0.010988432894321323,0,1
0.011050482985391902,0.009046082553603662,0,1
0.012629646637402505,0.012093482327467613,0,1
0.01601488104827838,0.003958083413020447,0,1
0.017065348778822237,0.0012673024586958173,0,1
0.016361374085273748,0.0039766716801487734,0,1
0.01861772485702419,0.0035498595085398975,0,1
0.016191126338214616,0.007219124615635772,0,1
0.0158753018029558,0.0013677813378021196,0,1
0.01912841001855786,8.94861238601258E-5,0,1
0.016613878275890073,0.0013029302066498675,0,1
0.016624317088576094,9.141105318327005E-4,0,1
0.017290519770158188,0.001068654845445352,0,1
-0.012700362110702279,0.012358900981525409,0,1
-0.014630108824500025,0.010589330532438022,0,1
-0.013594397820101878,0.009347080626090647,0,1
-0.012676270052302237,0.01160201515235242,0,1
-0.00400527489869198,0.01729510076761513,0,1
-0.0038972382794343263,0.01701385874457058,0,1
-0.004273913228686665,0.017252211780618948,0,1
-0.006822352901091944,0.017452632679943743,0,1
-0.003875235854853153,0.016827358089780076,0,1
-0.005724421151687621,0.01639195337476266,0,1
-0.003571171990942313,0.01768733584985706,0,1
-0.002454084928566233,0.017298641997176352,0,1
-0.0011860603349061003,0.01746981919447613,0,1
7.57544059547714E-4,0.01862498481577212,0,1
-0.011831349751593884,0.013550949766370498,0,1
-0.012853374084910859,0.011866165527995066,0,1
-0.01127373944730595,0.012408813717592984,0,1
-0.010885711697654529,0.014908362503146174,0,1
-0.01017524603257767,0.013051593480323313,0,1
-0.01086071186493618,0.012384760311869638,0,1
-0.005317124870649643,0.014113191754879137,0,1
-0.008364428828245302,0.014554481618792435,0,1
-0.010084769987593108,0.017739270935853785,0,1
-0.00683204163109144,0.014486816215472837,0,1
-0.006496237397229432,0.01970279725857161,0,1
0.009228629523691176,0.015534368235586717,0,1
0.007415701068605664,0.014411266166842851,0,1
0.00809256459896062,0.014750683185471562,0,1
0.008756742218819457,0.015546144098883228,0,1
0.005062102848529709,0.015132656783343388,0,1
0.0013722492476576323,0.014525800788661657,0,1
0.0035329302247536884,0.01667303062632471,0,1
0.0022887716729253554,0.018596730758917962,0,1
0.002135159996752357,0.015299958808883555,0,1
9.253721117986178E-4,0.015035254618988537,0,1
0.0016197573426749113,0.01696945845839889,0,1
0.005275008083083686,0.014937179180137518,0,1
0.0043873477411007925,0.01706304106403608,0,1
0.0064699183297350785,0.017347942070552028,0,1
0.006874097675175252,0.01735371479182382,0,1
-0.017221765938494355,-0.0012466726101315797,0,1
-0.01819409024997406,-0.0022338026253840414,0,1
-0.017942510615696114,-0.0018856460728477757,0,1
-0.018992412238713525,-0.001569664082010719,0,1
-0.01672666200008331,0.008384281630535695,0,1
-0.01566199244060697,0.008517356996243338,0,1
-0.015508139009224407,0.007415986655405913,0,1
-0.018740832026402632,0.010320191122744946,0,1
-0.013673866568939042,0.008694265714604873,0,1
-0.014357588945889859,0.007013965792765586,0,1
-0.015371257143469711,0.002314429059331593,0,1
-0.016992545237823117,0.002391368093467837,0,1
-0.017538880076469424,0.005577305272582349,0,1
-0.016622541294604425,0.0055232710632761835,0,1
-0.018274983737038182,0.0011029499745002192,0,1
-0.01752043915296655,0.0018341959528328873,0,1
-0.01570996485958595,0.0023780414785712738,0,1
-0.01751989260704056,7.220303395357959E-4,0,1
-0.016459394640005034,0.0011597845806405778,0,1
-0.01042216487537517,-0.014889686730229872,0,1
-0.00804083966578512,-0.014082178672159627,0,1
-0.00845340407756047,-0.01583032962257912,0,1
-0.008152505553686355,-0.013136008440740459,0,1
-0.005650949891443318,-0.01560021782193738,0,1
-0.00783744475793231,-0.014413807271443565,0,1
-0.004465591275752598,-0.016355765746102514,0,1
-0.004262193271072265,-0.017061306487170552,0,1
-0.004057571684403836,-0.016402225298933083,0,1
-0.0023895340718496512,-0.01705230025931812,0,1
-0.00329068695984922,-0.016881073719562933,0,1
-0.0020079803047703152,-0.016112308675473076,0,1
-0.002322480645185988,-0.01681873151894925,0,1
-0.004436122185586124,-0.015497154482353172,0,1
-0.0017080809096388842,-0.01691027838890944,0,1
-0.0017389152780153251,-0.01601915056932737,0,1
-0.014448481223321838,-0.010176787441349552,0,1
-0.012849509573476657,-0.0103294873006959,0,1
-0.014374673948333604,-0.010145515911273764,0,1
-0.013788908171513964,-0.010865875573455482,0,1
-0.013543640584118975,-0.011799701894725442,0,1
-0.010894505640770073,-0.012749126814482186,0,1
-0.010023697364029305,-0.013200466058625735,0,1
-0.011752221343082505,-0.014336649909449519,0,1
-0.011988907482570803,-0.013120822498921816,0,1
0.007843702723647143,-0.01466525368497587,0,1
0.007339750013839945,-0.013011687788576023,0,1
0.006868303946763583,-0.01322393463094177,0,1
0.00730399684565798,-0.01507920677155601,0,1
0.0074489141450511335,-0.015362195326407363,0,1
0.0015267758590729263,-0.015615075768234473,0,1
2.764470186571962E-4,-0.017129188196696184,0,1
0.001131481382649647,-0.016254417981678274,0,1
-0.0012396449487287436,-0.016032646126632733,0,1
0.0011604622093612908,-0.017348027257145245,0,1
0.0041329662406011745,-0.017148794928330387,0,1
0.0036487654929509526,-0.014268058935649964,0,1
0.0040730768087119465,-0.017640739438838923,0,1
0.00372580317111052,-0.016174857168025306,0,1
0.006881777024813489,-0.013064960440940182,0,1
0.016766617135217626,-0.005830712951864276,0,1
0.018602719378257047,-0.005452341423098717,0,1
0.015980981029430366,-0.004988783057958404,0,1
0.015921879437340428,-0.006554521563061136,0,1
0.01807328503469594,-0.005340973541280706,0,1
0.014697382300721474,-0.005903887302826529,0,1
0.016984880500864705,-0.0014411763658726165,0,1
0.01577531590075251,-8.743400503680713E-4,0,1
0.017877588094086638,-0.0026885912968490585,0,1
0.017676522946881844,-0.0013992873618424682,0,1
0.016755446321185103,-0.006935976735383319,0,1
0.018686210235706196,-0.010456900216947135,0,1
0.015751539953207955,-0.008615256826391238,0,1
0.015609463240673341,-0.007415256467527215,0,1
0.014450442480207134,-0.008147005635754741,0,1
0.010763161023010455,-0.014154919497710902,0,1
0.011208184534355905,-0.013772300902814423,0,1
0.011840861261619316,-0.014353547771499707,0,1
0.009976121829734405,-0.013896256489283797,0,1
0.011841100317323106,-0.013032210283044429,0,1
0.010285456203415925,-0.011553172270334764,0,1
0.013971836481304508,-0.013480940992784664,0,1
0.013597677131079183,-0.014774071526754544,0,1
0.011469858409947969,-0.012200551844480193,0,1
0.014540745144788871,-0.011210719303371908,0,1
0.011409490590601753,-0.011363601251289596,0,1
0.012849061996635786,-0.010580329944521306,0,1
0.015395218367996864,-0.009813210578575768,0,1
-0.017348605626200317,-0.0039057218896466537,0,1
-0.016056098625860944,-0.004314060293579654,0,1
-0.016790990302436803,-0.0038241633915958185,0,1
-0.0194213560179677,-0.004709751196477846,0,1
-0.016530090786240913,-0.00593274376689346,0,1
-0.015700545113326532,-0.005149259891714189,0,1
-0.014834016839319555,-0.008541154520436134,0,1
-0.014490351390017385,-0.01031691150963202,0,1
-0.015854549067732822,-0.00811831569543881,0,1
0.010738899662852767,0.01222453864505173,0,1
0.012316995370320341,0.011913772466627764,0,1
0.011351373991369464,0.010798847578240449,0,1
0.011622007690689853,0.010745124399339756,0,1
0.014491626958250873,0.008995631857019563,0,1
0.01647332664001161,0.008726296897432095,0,1
0.015303349640327497,0.006637042146951105,0,1
0.014605872652236226,0.008534937056221834,0,1
0.014061952697931661,0.006787848207579075,0,1
0.014986278554860575,0.006525600657236648,0,1
0.01654626065541667,0.005075451514896296,0,1
0.015652356298038985,0.007097655225701409,0,1
0.014675706677916733,0.004872495812249932,0,1
0.015338182469834991,0.0016378203729643874,0,1
0.014916344178793358,0.001706921396010019,0,1
0.012858502266870903,9.948293772569625E-4,0,1
0.017019814473772838,0.0019940352367479874,0,1
0.017119317397888637,0.0029679757201505875,0,1
0.014014704094923728,-0.0037706207851311625,0,1
0.012593544774054825,-0.0029646509725382375,0,1
0.013226203390469714,-0.005604035598890613,0,1
0.013743241530814734,-0.0019407015719748997,0,1
0.016395568615016676,0.0013502133573168834,0,1
0.016234671409560822,-8.728340707786402E-5,0,1
0.014728012868116298,-2.589517612918131E-6,0,1
0.017935545683041745,-0.002529845850516668,0,1
0.016100145359147094,-0.0016456429165066647,0,1
0.013999122616092291,-0.0045874762977301,0,1
0.012513649162850337,-0.005867992592298802,0,1
0.013207087137020278,-0.005086105668328447,0,1
0.009366092976304275,-0.006225273204328961,0,1
0.012663997334983931,-0.0068555566100142185,0,1
0.011596876697519102,-0.004928740543843101,0,1
0.010249486459423498,-0.008177022048686573,0,1
0.01213434200105122,-0.006137407648488265,0,1
0.01091060115903651,-0.009349333514686267,0,1
0.010156506806603752,-0.009389405961622117,0,1
0.011028082026318504,-0.013144194699549017,0,1
0.008741268371140599,-0.008193753057804048,0,1
0.008406062646059394,-0.008748249086994278,0,1
0.011208123227316081,-0.0072761882740429535,0,1
0.01231242345095382,-0.00709606999821206,0,1
0.012062934464032485,-0.006777700490403247,0,1
0.010189510032912229,-0.0070465254784647605,0,1
0.011397543480180813,-0.00858029554470826,0,1
0.010363113071251793,-0.00811532028548899,0,1
0.009706778095248282,-0.008504786680196295,0,1
-0.012220753802971772,0.009669092375413834,0,1
-0.009523853506865066,0.00703237442552319,0,1
-0.012608242628679277,0.00984269360511509,0,1
-0.01310933583506645,0.008063202995629194,0,1
-0.014359591503406571,0.008895634660855675,0,1
-0.01416834812212367,0.005962352126268789,0,1
-0.012671101189187321,0.006391112916671575,0,1
-0.013420005819156807,0.0053017093531294085,0,1
-0.01257463698041779,0.005593921052173408,0,1
-0.014489426519625155,0.005733899505902557,0,1
-0.014383708126297058,0.00448212331434816,0,1
-0.011909589305065301,0.005037419603229083,0,1
-0.014592752194676161,0.0046421813959798795,0,1
-0.01272038008850651,0.003175679963378352,0,1
-0.012999703754276688,0.0026244837636785526,0,1
-0.01383686149353456,0.0029821573855670865,0,1
-0.014453982827864918,-0.001320622276410162,0,1
-0.015529394050885444,-2.359526162876164E-4,0,1
-0.012455258684985813,-0.0037675365249216428,0,1
-0.0138872312767457,-9.8624605176242E-4,0,1
-0.01445549345339505,1.5355868834641333E-4,0,1
-0.012873462548188852,0.0018244218126459582,0,1
-0.01269971083809198,0.0016379618900519116,0,1
-0.01074895184888936,0.005390891172667881,0,1
-0.012194115090605773,0.0015616350731210375,0,1
-0.013095037002234133,7.163996591937885E-4,0,1
-0.012259375624143858,0.0012549998096603985,0,1
-0.012378842422218131,4.743835336903261E-4,0,1
-0.009080153581938127,7.156785441636139E-4,0,1
-0.008437925919175618,0.001072578370813793,0,1
-0.011418647918872073,-2.2523785072567747E-4,0,1
-0.009886264090108062,8.938969534141095E-4,0,1
-0.01107315321948035,3.5061041330784156E-6,0,1
-0.011379245863915534,0.0014914607964352843,0,1
-0.010921207285094405,0.0015403491012922809,0,1
-0.010623400457996621,0.002152206634368456,0,1
-0.009445721820576894,6.992101218863312E-4,0,1
-0.008835872936203243,1.1560897209096231E-4,0,1
-0.009038865282906764,-0.0014474488646370025,0,1
-0.00925516330911141,-8.754688306943544E-4,0,1
-0.00925303789319198,-0.0016955101022702276,0,1
0.008384775221982301,0.010448237082209304,0,1
0.008960386853715311,0.0124092816711609,0,1
0.00831819201475998,0.011648568871396604,0,1
0.01009604566719865,0.013266373125353328,0,1
0.0059960993061421745,0.014833382954753413,0,1
-0.0011135227588672256,0.015034463761309966,0,1
0.002510925476338076,0.016628999716068852,0,1
-3.525680923121138E-4,0.015637720056354096,0,1
5.740587238837264E-4,0.016000471364187318,0,1
-0.0041307319747267285,0.015281558537992217,0,1
-0.004911600725582936,0.016445542557214796,0,1
-9.664079103011857E-4,0.01639951536581304,0,1
-0.002374611677605319,0.0158321331629704,0,1
-0.003106742891170488,0.017885003668317804,0,1
0.014442267319163506,5.738532916685378E-4,0,1
0.012981436793564389,-8.83848158386891E-4,0,1
0.013407780222074702,2.8213279302634125E-4,0,1
0.013718337135094339,0.0022414206016095114,0,1
0.01258588482371798,-0.0010269125483047849,0,1
0.014363842154747435,0.0013690102272227937,0,1
0.01414994164131015,0.001672657549969242,0,1
0.012896501917748465,-1.4359883196364358E-4,0,1
0.013591698262730992,0.002748492171333394,0,1
0.015447625030248036,0.0024025137879572544,0,1
0.012836109369062002,0.0012373686893591867,0,1
0.014053258399417267,-0.005784466827480675,0,1
0.013702671803435224,-0.002477366485641559,0,1
0.01171220966454196,-0.002222650434386618,0,1
0.012450605953136505,-0.0013058708056478071,0,1
0.012455048157511361,-7.293535677466589E-4,0,1
-0.011175781645810652,0.010280668909171833,0,1
-0.011434977898069907,0.01164178912511743,0,1
-0.010907108760538893,0.011879297556064134,0,1
-0.007919763473105045,0.01226474225305356,0,1
-0.011849982911128987,0.010961405364298162,0,1
-0.0061497380920437425,0.011549554808474196,0,1
-0.006185734471331139,0.016096874196144074,0,1
-0.005543431474947549,0.016437703345422074,0,1
-0.00195663826306484,0.0128994507199707,0,1
-0.01012683216618507,0.014304580490698637,0,1
-0.008400106583338477,0.012996423830979511,0,1
-0.008752166375860224,0.013254225442414282,0,1
-0.008332417014845203,0.013796151175250612,0,1
-0.009379899531814935,0.014110724970423526,0,1
-0.010423429447817505,0.009935490158260354,0,1
-0.010359218911630856,0.009775466815465567,0,1
-0.011519941773542536,0.00903236459676398,0,1
-0.007780527460942535,0.009303387192419283,0,1
-0.010491818175007937,0.007811230044983579,0,1
-0.011666618819240183,0.009147590257472681,0,1
-0.010715817757441336,0.008394265588276191,0,1
-0.010880046526554481,0.007542553233301671,0,1
-0.007574743984120496,0.007155831208446565,0,1
-0.010727769544011796,0.00803089237416541,0,1
-0.012940974528856801,0.007555749303455777,0,1
-0.013589794226895602,0.00688649285435996,0,1
-0.01108876620806536,0.006352907055875141,0,1
-0.009982402833772322,0.007244564085532,0,1
-0.010154592691964415,0.006434245385154524,0,1
-0.010359030090066045,0.005480976974309224,0,1
-0.009876194018105765,0.0052540264539659145,0,1
-0.010397146906976785,0.005658498553109723,0,1
-0.0068003405727465665,0.01244027586340021,0,1
-0.006297695280654194,0.012846607215932632,0,1
-0.005359526885328844,0.011499059943751985,0,1
-0.005901840297890381,0.015058582075165633,0,1
-0.0068844973519840685,0.011803912054982114,0,1
-0.0077049327859591505,0.012642482603601781,0,1
-0.007460344560032571,0.012097868692564321,0,1
-0.006354642748262297,0.012846244540212153,0,1
-0.006105896653925966,0.010307356185386024,0,1
-0.00711920184542799,0.010657364613418853,0,1
-0.0074399636084902104,0.011089415514228615,0,1
-0.007941783995127573,0.01060816688868805,0,1
-0.007282793483918924,0.00989246315487132,0,1
-0.005663631163021545,0.010818591655707834,0,1
-0.008153667026831166,0.009347569051663163,0,1
-0.007893892810871182,0.009199459760728182,0,1
-0.007150163420853376,0.010346007122647324,0,1
-0.007933008776483511,0.010429815092501666,0,1
-0.0074859142476903975,0.009199391590948488,0,1
-0.008666302276399985,0.007127968360112453,0,1
-0.006186039443899439,0.008569895865147437,0,1
-0.006714198620881062,0.00732291371235551,0,1
-0.006732553173254988,0.008311766378151855,0,1
-0.004261054260561032,0.00700379723910952,0,1
-0.004398051136476314,0.007244278427757384,0,1
-0.009015194602562402,0.007980536575122293,0,1
-0.005297886947260273,0.006315752326362295,0,1
-0.0077767299713565625,-8.861523199032113E-6,0,1
-0.006087153259004963,0.001219607163153534,0,1
-0.007668972337897523,-5.86344820428344E-4,0,1
-0.008973144674642936,9.105933623402943E-5,0,1
-0.007298942506577489,-8.97196849665701E-4,0,1
0.008348312442516824,0.010401866777270048,0,1
0.009948553407148673,0.011335031770450678,0,1
0.009793404097979696,0.010547419311907478,0,1
0.010080660231490185,0.010408302278517516,0,1
0.010136551891142143,0.008669884064198836,0,1
0.010110861286139375,0.010126301249439555,0,1
0.008215505397384944,0.011238707156203913,0,1
0.008883307387407833,0.0113738827654119,0,1
0.009065977619321507,0.009472845035918248,0,1
0.006925163870565339,0.01148443789450759,0,1
0.008724544544673564,0.011935807571416948,0,1
0.012763182867678705,0.006556637576576143,0,1
0.01634399370936072,0.003525035248541497,0,1
0.012964826426067937,0.005636038582646274,0,1
0.01245370581774909,0.005589750065353128,0,1
0.01279819370600576,0.005720442466935653,0,1
0.01301047928542876,0.007015199597300433,0,1
0.012240429866250206,0.008953763827909356,0,1
0.01253633971972202,0.0067229028489810185,0,1
0.011902991294381233,0.009101590627948838,0,1
0.01051789005810126,0.007693445092154055,0,1
0.012146554737716102,0.004543587053527002,0,1
0.013896324639728369,-9.548752195127407E-4,0,1
0.0130001518676384,0.001101854479007327,0,1
0.014081806408781778,0.003499554529130215,0,1
0.011480476608683019,0.002864660154229412,0,1
0.012144339615198813,0.0054507184331609075,0,1
0.011412864377015735,0.003604789657632926,0,1
0.012934860397960433,0.00427511230112597,0,1
0.009618024942632216,0.008433968957889282,0,1
0.010317476996101478,0.0067330221698590174,0,1
0.010220014954117305,0.0060519056935469575,0,1
0.010571514164625258,0.008859125265619376,0,1
0.009299498108634589,0.008454521561314378,0,1
0.009080293144942414,0.008635187292199408,0,1
0.006741506343932744,0.010888410811468885,0,1
-0.002526064050470795,0.01620152796812301,0,1
-0.0011940750442515826,0.014564404155459504,0,1
-4.1092340689165903E-4,0.01298419375711308,0,1
0.003020903077700784,0.012005121274263697,0,1
-8.839970405304458E-5,0.01327742114368413,0,1
-6.351232553957212E-4,0.012621577503710029,0,1
-0.0019172290885031023,0.0166813916038744,0,1
-0.001850406222023764,0.014305738074004676,0,1
-0.002654830326716281,0.014833266251395699,0,1
-0.003630359849477461,0.015503322199677271,0,1
-0.002844400522459152,0.013822392168319661,0,1
-0.0015777912047639203,0.010835273656315354,0,1
-0.0021297161217694884,0.012764370251289089,0,1
-0.0014369292407205244,0.012203195242227996,0,1
-0.00379759143159946,0.013144748704664517,0,1
-0.0032151449692525056,0.01216647665653857,0,1
-0.0036658686154705878,0.010745063107250511,0,1
-0.005059516868012057,0.011496103790610262,0,1
0.006731050373295491,0.012183924778286882,0,1
0.007026963173195972,0.010808275649213434,0,1
0.007499421852339071,0.008588373118268593,0,1
0.006479600316607216,0.011247576387347955,0,1
0.006005252056933885,0.01103847825306242,0,1
0.005426347350219978,0.01195565149940784,0,1
0.004647540976125115,0.011143800829751188,0,1
0.005016453248426995,0.010950412139209756,0,1
0.004076054490584514,0.011636157748417747,0,1
0.0024192594989097555,0.014323559836588612,0,1
0.0017507372001081766,0.011435316177104766,0,1
0.0031240304982447058,0.011099055342745483,0,1
0.0013980986911277375,0.01301181738747732,0,1
6.496787713737234E-4,0.012312553651664553,0,1
0.0026042472398697895,0.011715978393379328,0,1
-5.303851589710825E-4,0.01204813344872509,0,1
-0.0019740733173918756,0.00871527555500608,0,1
-0.003265152417440662,0.010574369643192971,0,1
-0.004336266558814864,0.010039031598052448,0,1
-0.002706918063126464,0.008965968454252874,0,1
-0.003267441984229065,0.009788187371684407,0,1
-0.0011189445318509504,0.012595482746448103,0,1
-0.002006474456220398,0.012634998687263315,0,1
-4.8448285939074406E-4,0.009513329440083899,0,1
-0.005157390230894908,0.007107998287729921,0,1
-0.004960405097331036,0.007884015032874012,0,1
-0.004354690529598705,0.007416968389123861,0,1
-0.004402463293531186,0.00861505858374959,0,1
-0.0037610410376080357,0.008349077806283406,0,1
-0.0030057172253724696,0.00852981466987144,0,1
-0.0013295623264309461,0.008023463131781452,0,1
4.739865095754144E-4,0.009771768785164892,0,1
0.0010503252114270082,0.013986753631734825,0,1
0.0017431018264539202,0.010387711615876215,0,1
0.002973220157959859,0.011827363765381748,0,1
0.001335757735029462,0.012753205299405313,0,1
0.0015018487015844904,0.011305171030938236,0,1
2.3395222975423316E-4,0.007218552829132617,0,1
-0.0013049427434055055,0.008520789820736143,0,1
7.03402850177293E-4,0.009173381299338722,0,1
-1.238411939550783E-4,0.008667441076374656,0,1
-0.0011160904770783145,0.010428680483693532,0,1
-0.0010211776730020875,0.009965820359907751,0,1
-0.00357336575930703,-0.005968317871286885,0,1
-0.007439683087389921,-0.004940416326534736,0,1
-0.006396065546587912,-0.002805195429961349,0,1
-0.006143736296988153,-0.003914714855428295,0,1
-0.0065290308609328345,-0.004485210543319259,0,1
-0.004934688188380708,-0.002572936841814521,0,1
-0.006398975695322869,-0.0022924988031398507,0,1
-0.005189119184969718,-0.002314708311445416,0,1
-0.005092517833584213,-6.57841913199033E-4,0,1
-0.005506717003715517,-0.0010176547629376182,0,1
0.007101848694854287,-0.012736485620826599,0,1
0.0069726842184426015,-0.012152536748082943,0,1
0.006234144431999094,-0.009809663875949327,0,1
0.007807136323886386,-0.012299555033884201,0,1
0.007220874433025834,-0.011339378479467577,0,1
0.009345759369943859,-0.005648240171881352,0,1
0.008023642953052926,-0.00987478885112645,0,1
0.007061726317024357,-0.009371452786724717,0,1
0.005532480886820143,-0.012280013800357136,0,1
0.00661631419600263,-0.007980308399414923,0,1
0.006875610357145021,-0.009859259195306527,0,1
0.004651901774421186,-0.011467585716432775,0,1
0.002640039321323536,-0.009421928137239159,0,1
0.0014007535298500224,-0.010820626177641717,0,1
0.002265489450462552,-0.0098411405998887,0,1
0.0023365854866045244,-0.009962744663971327,0,1
0.0032967279018128117,-0.008827292362165718,0,1
0.0025130152097274875,-0.008952427343023796,0,1
0.001419211803717443,-0.008904980617022449,0,1
0.0019264394795571573,-0.006772615857737247,0,1
0.0063796010737315065,-0.005912223385166885,0,1
0.008487325471750087,-0.007162845120173345,0,1
0.008838465016174073,-0.005292055233952982,0,1
0.009448268335620109,-0.004720647913420028,0,1
0.00813543186940534,-0.007214533217125915,0,1
0.005497438110425915,-0.005298848981307622,0,1
0.011049991397779308,-0.0051657079096713516,0,1
0.009986825233386164,-0.005185393684259545,0,1
0.010891327314036858,-0.0016880775477860067,0,1
0.007987808604152966,-0.00809599884969214,0,1
0.005402765454153798,-0.008344008061172066,0,1
0.0062801962326688365,-0.008239607862332597,0,1
0.005699882298427429,-0.008296988960488305,0,1
0.005165139552716419,-0.007994403346920914,0,1
0.006419480433409057,-0.0064602903963646196,0,1
0.008564426927760814,-0.006515029223737837,0,1
0.005816280580636696,-0.00574311870428436,0,1
0.007316978670641683,-0.007337054553982135,0,1
0.0071438274985608586,-0.007531820852002967,0,1
0.006212495102741148,-0.005523340448398185,0,1
0.006599981546440061,-0.006004181854000811,0,1
0.004914172253814406,-0.005158906374536902,0,1
0.004407981417905499,-0.009301815942872799,0,1
0.0036214101839374055,-0.006029225153013925,0,1
0.0037717998117066005,-0.008790100973774563,0,1
0.00437183110291206,-0.009649983703132017,0,1
0.0030401422617947114,-0.008278436977838746,0,1
0.009366269972931003,-0.0013011550318429955,0,1
0.010516195603278048,0.0014366493962867447,0,1
0.009714451749531361,-3.2422244055128175E-4,0,1
0.011204132057029303,-5.131804510943847E-4,0,1
0.010526102639208772,-0.002203896575968468,0,1
0.01114463238836151,-0.0021908895452006005,0,1
0.011905227055417881,-0.004418491321081746,0,1
0.009280905361711469,-0.001903481929569636,0,1
0.009692818969682828,-0.002468442429542185,0,1
0.0103040546415632,-0.004062405447770717,0,1
0.009921563574116022,-0.003713700620606819,0,1
0.008623025150818753,-0.003464156419156991,0,1
-0.007546668721656568,5.418919435046946E-4,0,1
-0.008603629417444608,0.003361081269539166,0,1
-0.007738353143156004,0.005050567878007024,0,1
-0.00836756050857026,0.0051088669951452935,0,1
-0.007348693391991434,0.005151076246235948,0,1
-0.008103529145482454,0.005367598790638647,0,1
-0.011035081590467084,0.00770404912226845,0,1
-0.006471866770592394,0.006411718675073291,0,1
-0.008229972996317348,0.006074165984127867,0,1
-0.00692762981401199,0.004074628308733193,0,1
-0.006705573266971426,0.006301067339446999,0,1
-0.006544783829996308,0.006177606124103662,0,1
-0.006831421587522863,0.005709326797316111,0,1
-0.0075711564430281176,0.003857147912854144,0,1
-0.008434216909062237,8.423706874935876E-4,0,1
-0.009641107135435907,0.0010366467684621407,0,1
-0.00858613118104866,0.0020356886925784164,0,1
-0.005920802027415703,0.004040954995264174,0,1
-0.006336968246525067,0.0026806140389921337,0,1
-0.006887390245630078,0.002625195507441671,0,1
-0.006891764119411674,0.0014706078832110341,0,1
-0.004277317993424163,-0.0013382701583708179,0,1
-0.00667736916512333,8.801076742931126E-4,0,1
-0.005870830838900753,9.148214364204267E-4,0,1
0.006198556626434241,-0.006804684075397361,0,1
0.006102335641502691,-0.004708056235943199,0,1
0.006624542219883386,-0.005124965259407058,0,1
0.007067335439766829,-0.003694520005254024,0,1
0.005606770507393775,-0.003623048327538273,0,1
0.007219508874394354,-0.003609430921862076,0,1
0.008564999039318002,-0.002028879469612993,0,1
0.008250250769313848,-0.002790601125057058,0,1
0.006989086505806348,-0.0015417735545613998,0,1
0.009733843718100297,-0.006407910493100887,0,1
0.007405680366588559,-0.0026989292580258716,0,1
0.007810153508253344,-0.004950941484052349,0,1
-0.0033596632841108045,0.004597098096686812,0,1
-7.749534370998767E-4,0.005682406156845945,0,1
-0.005499981070229949,0.007164233575275493,0,1
-0.0016937136047439538,0.007122706929388517,0,1
-0.002276168402845024,0.00660012479577136,0,1
-0.0038934988137065488,0.006150259363409163,0,1
-0.0056045127026248575,0.004701184576572127,0,1
-0.0025232399425523895,0.004094620369850883,0,1
-0.005210182969328385,0.005421202729432269,0,1
-0.005034837204868287,0.004583019073401082,0,1
-0.0056816480894661256,0.004760214830260998,0,1
-0.00498627697000866,0.0036729480712278375,0,1
-0.005112369542400624,-6.434817065457359E-5,0,1
-0.004704183149247936,0.0026677056034343652,0,1
-0.006270066402088177,0.003403987083787842,0,1
-0.004705656751910862,0.001619482192681402,0,1
-0.004224763486849133,0.001840211767786817,0,1
-0.005065486031575245,0.0018932423421835851,0,1
-0.003456643075074129,0.002556920392003934,0,1
2.322425801075462E-4,0.007866849644988096,0,1
0.0021582685680803905,0.006770094590786274,0,1
7.807927382149912E-4,0.00641841031768405,0,1
-8.086128758466672E-5,0.006230775291299288,0,1
-0.0014064329861871961,0.007044556123374771,0,1
2.716879211059479E-4,0.004968595908937217,0,1
-0.002195480305063066,0.00258245042085233,0,1
-0.0021817545661215695,0.004052697278996605,0,1
-4.720720399793886E-4,0.002960436119834875,0,1
2.0529497216359094E-4,0.005145635333288914,0,1
-0.0031715593880188037,0.005683243531988214,0,1
-6.629448950799084E-4,0.00594857300797784,0,1
-0.001076544452113657,-0.0037300050223263988,0,1
-0.0015457096872460855,-0.005697581593073512,0,1
4.51952565961942E-4,-0.004754172159240016,0,1
-0.005031313477552832,0.0013272299468824942,0,1
-0.0033566076439976575,0.0014280045138671553,0,1
-0.0027403570263958266,0.0025526712936405965,0,1
-0.003020607069809197,-0.0013324534165496521,0,1
-0.002965574047690882,0.0015584753989662742,0,1
-0.0022482544940341043,6.994341740973709E-4,0,1
-0.0033158969709270476,7.110518908673492E-4,0,1
-0.002386485956844063,-3.4603525327610643E-4,0,1
-0.0020172272775289377,-0.0038977538560084073,0,1
-0.0032103608433958837,-0.0018676658262366983,0,1
-0.002112156325272959,-0.0034834049056482585,0,1
-7.406706727695561E-4,-0.002056262397485028,0,1
-0.004286283391045511,-0.0025937862490758926,0,1
-0.004582058743266828,-0.0011123087535292303,0,1
-0.0041766921838984235,-0.002363759861397291,0,1
-0.004073008185287687,-0.0016662383204244491,0,1
-0.003209248934824058,-7.101269390831339E-4,0,1
0.004245998608236763,0.0019161807061581708,0,1
0.004533853911510213,6.778873366220483E-4,0,1
0.004204858848224734,3.052237141828837E-4,0,1
0.004010087017501551,0.0015036412046969174,0,1
0.006693721088932278,-8.89362012872742E-4,0,1
0.004408765818919513,0.0025901330488110746,0,1
0.003582361014428462,2.552928987020875E-4,0,1
4.6285985582997994E-4,6.201018795174696E-4,0,1
0.003944704039154427,0.0025044492488313233,0,1
0.002741650217178578,0.002456590462888275,0,1
0.0017078573955590073,0.00441421810941992,0,1
-1.3700884442602508E-4,8.003971475625724E-4,0,1
0.001826051991307365,0.00412816012435312,0,1
0.0019942898611710943,0.002704140760502721,0,1
8.310973648435751E-4,0.004186510991817495,0,1
8.204088225846505E-4,0.0025806070031274587,0,1
3.8749222249847166E-4,0.0010489975598459507,0,1
-4.600989839351824E-5,0.003530628932809168,0,1
-7.327472157702263E-4,0.0037210373378754554,0,1
-8.717440743997199E-4,0.0024343996657687213,0,1
6.152869737403666E-4,0.0034122610994614727,0,1
4.436155494968002E-4,5.129581041097934E-4,0,1
0.002518067959822869,-9.83869245225813E-4,0,1
-0.002103954988621841,-4.1912863901304935E-4,0,1
3.95315905623884E-4,6.281797864975626E-4,0,1
-1.0876231796918756E-4,4.3713225807174487E-4,0,1
0.002586134256603722,1.915794722083448E-4,0,1
-0.0014391348356453642,0.0018855190811296308,0,1
-0.0015166621389415456,0.0023327437072375137,0,1
-0.015498576868381627,-0.005732244995534825,0,1
-0.016768043767404383,3.6275385109217135E-4,0,1
-0.013730586125760433,-0.0012365190972504526,0,1
-0.016253242393418382,-0.003755850552186015,0,1
-0.012764775785409892,-2.515602954912544E-4,0,1
0.004882786007165175,0.014979708266078197,0,1
0.008781562255011161,0.017568918128681506,0,1
0.006016166699214264,0.014696327177447668,0,1
0.009428278025858317,0.013973310197043494,0,1
0.004376687567657343,0.015077824709500242,0,1
-4.820983609391948E-4,0.013865171562989614,0,1
0.0027026473374147757,0.01618113858597439,0,1
0.005063328228645455,0.017287022046896854,0,1
0.006291365417275158,0.013744833204526515,0,1
0.00532882767394401,0.012154210865551546,0,1
0.0068450719245310345,0.011899556170338747,0,1
0.004193057217864284,0.011909608180712739,0,1
0.0039024490311285404,0.013359121093049682,0,1
0.004796214044051739,0.012924416590678094,0,1
-7.326725574237438E-4,0.014138937244208918,0,1
0.003032129789715372,0.013689579535477834,0,1
0.0023761620138929495,0.013578640032515342,0,1
0.0024457317262210542,0.013876890990088564,0,1
0.003627468381700027,0.01246903423431736,0,1
0.004023852548944566,0.013021428308176118,0,1
-0.015783581241929932,-6.71002349764696E-4,0,1
-0.016121207421790497,-0.0018835668031153257,0,1
-0.015821195898184447,6.705936552270446E-4,0,1
-0.01451125873334238,7.537535493114959E-4,0,1
-0.015502428834002798,-0.0024220849123085266,0,1
-0.014737872273924127,-0.002828171707203404,0,1
-0.016030037056899715,-0.0032652498686576745,0,1
-0.017061777958404373,-0.004659037474067699,0,1
-0.01592933654399436,0.00611070886849372,0,1
-0.015999541353064004,0.0065080198810638775,0,1
-0.014940431099079358,0.0063192929593381695,0,1
-0.012334787574033005,0.006634672610215127,0,1
-0.01605683153980072,0.0031235037118623474,0,1
-0.013690544476828229,0.0030396752849399596,0,1
-0.016176572050049656,0.002981840130052602,0,1
-0.01664859084815425,0.0030809513015175086,0,1
0.007559141297466232,-0.01365202379232463,0,1
0.00813107392119856,-0.012705162375362768,0,1
0.008004487209999734,-0.014462593434597285,0,1
0.006726842316901681,-0.012427564764367974,0,1
0.009396569707183004,-0.013969648937900682,0,1
3.5974636367959646E-4,-0.015344822854786461,0,1
-6.74353547565992E-4,-0.016371544800437447,0,1
-3.870952327309885E-4,-0.016220262858213153,0,1
-0.001196083261563861,-0.015379258039208388,0,1
0.00174990757116715,-0.014806188303707876,0,1
7.746433206706637E-5,-0.01433032442144238,0,1
5.816032443278015E-4,-0.016433642462064284,0,1
0.0016920367837322395,-0.014229911678792789,0,1
0.0035574464281270825,-0.012122542310809314,0,1
-6.477302251865617E-4,-0.014652267478201135,0,1
-0.002243316044403668,-0.012274553720020766,0,1
-0.002753624408802335,-0.012076288572634465,0,1
-7.534668572811386E-4,-0.013220022708146234,0,1
-0.0027115061469774266,-0.013119079176277698,0,1
-1.0669458991091847E-4,-0.013978063782651698,0,1
-0.0015709531065252384,-0.012137186584819926,0,1
-0.002942182601816134,-0.010876637248426,0,1
-0.005066872536403467,-0.013706679887617507,0,1
-0.0069416466644194805,-0.013630629261871917,0,1
-0.0067956396998334586,-0.012617960052571417,0,1
-0.004865778992474563,-0.011249528985627377,0,1
-0.0018940182136293771,-0.0152903531505243,0,1
-0.002857177509711484,-0.012152303522103359,0,1
-0.003344670252692976,-0.01359987144473127,0,1
-0.0037440094649551924,-0.012749039693761581,0,1
-0.0029953699098211528,-0.015094398501956235,0,1
-0.002321004272820297,-0.013765879556207405,0,1
-0.005006444905138857,-0.0148495836617944,0,1
-0.0066135939666922515,-0.015781017281775552,0,1
-0.004992947498231309,-0.014619783397869955,0,1
-0.006829955804106054,-0.012667550216923085,0,1
-0.007692698312683451,-0.016506152556659465,0,1
-0.00500691038347359,-0.016336333454424527,0,1
-0.002927111816666898,-0.014417754413720186,0,1
-0.0036613550563046266,-0.015516964978218823,0,1
-0.003343187953776215,-0.015985940798721104,0,1
-0.007488222668296869,-0.009539892237764186,0,1
-0.006708759954248087,-0.010925798239591542,0,1
-0.004603150997833581,-0.011202294953809207,0,1
-0.006425424568548991,-0.01172434226969814,0,1
-0.007063984691490445,-0.009275539017196062,0,1
-0.005778703072622596,-0.012143484166185534,0,1
-0.004628785525030506,-0.010067376327015163,0,1
-0.005963934790471771,-0.012051111905222699,0,1
-0.015614196440982591,-0.008638248798499091,0,1
-0.013140888861169268,-0.002989737319511325,0,1
-0.013128162868844098,-0.006225736589341829,0,1
-0.012277674151576152,-0.005902078266183797,0,1
-0.012667957230770875,-0.0057835096541335755,0,1
-0.012062901751279075,-7.566502006128348E-4,0,1
-0.013792267579361719,-0.0011519666276746064,0,1
-0.012870670507882445,-0.0018467494621493817,0,1
-0.01383877386559898,-0.0027433707060727243,0,1
-0.010846951432777157,-0.005028136183480719,0,1
-0.011552950726957077,-0.0035665466645654446,0,1
-0.011684355063344004,-0.004897773885911578,0,1
-0.007791369599282517,-0.001107611449698171,0,1
-0.010336873133943355,-0.0031448354602313915,0,1
-0.010071570740864054,-0.004711717599147904,0,1
-0.010504972027186067,-0.002675247971822211,0,1
-0.010465098270502349,-0.003284085154319045,0,1
-0.010410277919639962,-0.0017591603239843093,0,1
-0.0118489361488526,-0.0020935909338047126,0,1
-0.011830353787181532,-3.688344334499083E-5,0,1
-0.007275487687295794,-0.004930019063320675,0,1
-0.007417959383653639,-0.006671560997004847,0,1
-0.008928838374810188,-0.006214323654088999,0,1
-0.007963299063131044,-0.007037034210868624,0,1
-0.008948477544339598,-0.005597666026115828,0,1
-0.009670914019818873,-0.007264306963189816,0,1
-0.009683010623901369,-0.006736214861224709,0,1
-0.008718401490579229,-0.006137870565162997,0,1
-0.007556259927093704,-0.005801043248545148,0,1
-0.008246641521946535,-0.00472745872014029,0,1
-0.007796270606738151,-8.089450550734579E-4,0,1
-0.014497590123146996,-0.009224060963669444,0,1
-0.011368558431097764,-0.008825147759861688,0,1
-0.013147021578388672,-0.010102271840475095,0,1
-0.017376608136361257,-0.007733166393505237,0,1
-0.0134013068833098,-0.010690323419626361,0,1
-0.01038932832790323,-0.004405222871249803,0,1
-0.012445973169252488,-0.006900736187127742,0,1
-0.012130591726781527,-0.008580661139492605,0,1
-0.009104760083451737,-0.006399684169412621,0,1
-0.012180701792123523,-0.0072639025225329215,0,1
-0.010491505099507973,-0.008053852241147713,0,1
-0.009893117703739967,-0.005501627056261643,0,1
-0.010377151962726311,-0.008478322208486785,0,1
-0.009429281477143064,-0.006932565149321478,0,1
-0.01118272964013294,-0.008614822052696128,0,1
-0.010183608048810838,-0.007870198178237161,0,1
-0.009586908824194783,-0.007267150054261177,0,1
-0.01312165576579844,-0.01016348900375473,0,1
-0.01217031230460452,-0.011631889045047849,0,1
-0.011564973212018614,-0.011614746601071962,0,1
-0.012091623501397405,-0.010279000079413613,0,1
-0.01204772359588275,-0.01246184477444616,0,1
-0.008320572595774414,-0.012114275323425567,0,1
-0.009463214208429917,-0.013781341923156238,0,1
-0.009363296300512454,-0.013909931229018204,0,1
-0.011070673157314002,-0.009401596110575148,0,1
-0.009332845685509258,-0.009777360433362109,0,1
-0.014296141509276996,-0.008909292163755751,0,1
-0.007466645155232173,-0.009244052896799472,0,1
-0.00918655137712082,-0.0102189114011791,0,1
-0.01040647103106959,-0.009760981953337551,0,1
-0.009242361233551096,-0.013154809349530998,0,1
-0.008337398890817598,-0.010065712329470683,0,1
-0.009749381542205594,-0.010686071929147068,0,1
-0.008084877063452803,-0.010999301067324486,0,1
-0.007244843119058615,-0.011372967812969521,0,1
-0.008657638305249982,-0.010966876712329189,0,1
-0.0026829660721178605,-0.011033604408981804,0,1
-0.003282960892945766,-0.009586251824796298,0,1
-0.001181739388623612,-0.007938181757376579,0,1
1.710310784317202E-4,-0.01137837322577763,0,1
-0.001995051778938179,-0.00932706411661184,0,1
-0.0021559066659284803,-0.00981620652069596,0,1
-7.284274511103238E-4,-0.010259386923419168,0,1
6.273759541214035E-4,-0.011291806039452675,0,1
-0.0025034600143020074,-0.010411810592148199,0,1
-6.777997432460888E-4,-0.007611062136401818,0,1
9.153558286257974E-4,-0.008033114631788883,0,1
0.001754253344895956,-0.007055429821767336,0,1
-8.400932689139903E-4,-0.008548114313361324,0,1
3.972533697827326E-4,-0.00927564336142614,0,1
-7.053842173902439E-4,-0.01148716120305035,0,1
0.0024326503870377536,-0.010723565692622531,0,1
1.662222323609563E-4,-0.004650859221782086,0,1
0.0015634979341967634,-0.006170169258614628,0,1
0.002672626815190691,-0.004009759969012224,0,1
-0.0018043634779103068,-0.006518389141470026,0,1
0.0010160211350936205,-0.00521695926840859,0,1
-0.001991807778042915,-0.004676135758270191,0,1
-0.0025662857099321163,-0.003766299947748777,0,1
-0.0010787538617051025,-0.006561625023504679,0,1
-0.006265359820711462,-0.008322137949161933,0,1
-0.004979559933335683,-0.006645079777203333,0,1
-0.005497591940514724,-0.006711931901969152,0,1
-0.005834199239500593,-0.008905613326140616,0,1
-0.008561499240402677,-0.008381309247388783,0,1
-0.007122995631064558,-0.0076894696126738,0,1
-0.004714599225588627,-0.009467453081807735,0,1
-0.005480598661801281,-0.01076886350697891,0,1
-0.00543160761222098,-0.006823404083250884,0,1
-0.005563151678612683,-0.007170942683370563,0,1
-0.005577049095463501,-0.006975958082402873,0,1
-0.006030006395684275,-0.0071436451166114814,0,1
-0.006408616452837719,-0.005931866679740022,0,1
-0.0010874736499117013,-0.007797284627343636,0,1
-0.002810614306838714,-0.00890751353617982,0,1
-0.0025966195792320344,-0.00799978284612243,0,1
-0.002513783397662659,-0.007876650553966772,0,1
-8.276241411733022E-4,-0.007595466101585003,0,1
-0.00435797279585242,-0.009288039583008233,0,1
-0.003566818799351595,-0.006771909030287953,0,1
-0.004767403985894572,-0.0065646352754823445,0,1
-0.004785698176656836,-0.004130865914691402,0,1
-0.00538889008589575,-0.004810790799224108,0,1
-0.004013720554437016,-0.003415546917579808,0,1
-0.002743366871787053,-0.004984146594150367,0,1
-0.002553738793497429,-0.005546796458878833,0,1
-0.002914926485201871,-0.005419644752927948,0,1
-0.004069059014335951,-0.0058641104750819404,0,1
-0.0030665173186965105,-0.004877823335216831,0,1
-0.005552686515543063,-0.005528773392252229,0,1
-0.003846469170845017,-0.004794277483403634,0,1
-0.001112514150738194,-0.013333298546099416,0,1
0.002251606042829369,-0.013504837189515647,0,1
0.0017657897137861671,-0.014148882876843195,0,1
0.0018964527128970913,-0.013013535714949146,0,1
0.0023242716897349373,-0.013476890211934113,0,1
0.002940309155598057,-0.014016262576223808,0,1
0.0077494370391506095,-0.012538550221303112,0,1
0.007663427856967303,-0.014823262816087965,0,1
0.006190452401718967,-0.013216852545494248,0,1
0.006083261451937512,-0.0119312384077249,0,1
0.005722194112944221,-0.011808683701726302,0,1
0.003589114513264297,-0.013624140962829552,0,1
0.003110629353364998,-0.0120208384354358,0,1
0.0015462578072558222,-0.011468428627664342,0,1
0.0037831975462146172,-0.012551426500578866,0,1
0.0024906787211820677,-0.012989849076701601,0,1
0.004266266480472006,-0.013729980005300008,0,1
0.0032986677181151194,-0.010142115679095839,0,1
0.003456357046653348,-0.011523735600691731,0,1
0.0056640015528152685,-0.015184516462735543,0,1
0.005348372239233889,-0.015083385650100442,0,1
0.006276103407923761,-0.01438799312325109,0,1
0.004495345506360353,-0.013211213966458656,0,1
0.0032523287503378705,-0.015484953152903226,0,1
0.0032526363089626013,-0.01638747511055561,0,1
0.0030661189252958066,-0.016644373807656307,0,1
0.0021487924586039877,-0.015558347237779739,0,1
0.003984400304502907,-0.013839662427429728,0,1
0.01544959839069128,-0.004437096869435527,0,1
0.016082967980247498,-0.0072166744295572086,0,1
0.01522083378350684,-0.006181467611625849,0,1
0.012441759206152585,-0.00680507024249102,0,1
0.013465502868887907,-0.007031316994629619,0,1
0.01513463270532975,-8.184715179255403E-4,0,1
0.015981773327089888,-0.002992750886851836,0,1
0.01600096189299729,-0.0023320190274551673,0,1
0.0123730460234603,-0.006598020580791861,0,1
0.015068387518888298,-0.006774136367267891,0,1
0.015694604481693606,-0.006414853883151139,0,1
0.012985937237991898,-0.010760728544480692,0,1
0.012800129584485521,-0.008112490183662995,0,1
0.010899277840359298,-0.010214567028444857,0,1
0.011155712403437629,-0.01003330725869105,0,1
0.009827003431598936,-0.009399498469675806,0,1
0.011848234743781261,-0.012263455450688887,0,1
0.013909044448578729,-0.00964377156317354,0,1
0.010309027558802232,-0.011279102180419689,0,1
0.007177963523971763,0.002677457718212881,0,1
0.00964760056346065,0.002179131793280114,0,1
0.010150621144808433,0.004060420614340655,0,1
0.00826079717258895,0.002232852537313231,0,1
0.009927828452177762,0.002761568583408622,0,1
0.010622090722605332,0.0025589318189428284,0,1
0.011676146695860621,0.0010598863307286575,0,1
0.00911478574726813,-5.810218242340101E-4,0,1
0.008581179080735614,8.687901194386118E-5,0,1
0.008314248714589648,-0.00112786907622061,0,1
0.00817551169541838,0.0017360846574132728,0,1
0.009762268434527748,0.001028432066128878,0,1
0.010806509152497406,0.0034475972857004825,0,1
0.008618392456594256,1.1893214553623781E-4,0,1
0.005651699636189056,-0.0016141857181293964,0,1
0.009218186295581247,7.471554003611578E-5,0,1
0.006164222441581656,-4.891524669103748E-5,0,1
0.00798983155032624,-0.0024850407192174287,0,1
0.008396275765506923,0.0014930981817435512,0,1
0.009064503276845347,2.1573002972041674E-4,0,1
0.0041160538261663495,-0.0014197124666883271,0,1
0.0052508049447025935,0.0010025971775782635,0,1
0.005926301663078336,0.001951005878886218,0,1
0.0061992107846105685,0.001083583668001818,0,1
0.005105212201428338,0.0022091347569161432,0,1
0.005388783036980347,8.041851746268023E-4,0,1
0.007010969511881896,0.004735289590718849,0,1
0.007194562254695084,0.006662236935603309,0,1
0.008130519873768931,0.007623615729714961,0,1
0.0076744400353790255,0.005623191174799202,0,1
0.00960250508773122,0.007359431752159766,0,1
0.011450571120583633,0.008740627306947968,0,1
0.008503768911392462,0.006300862771413696,0,1
0.006254437504890248,0.004604654450301318,0,1
0.009737795338662519,0.005277618547142413,0,1
0.007413434738276105,0.004296150752480654,0,1
0.007328075465257173,0.002724851354049319,0,1
0.006826813870457062,-1.8239288171975316E-5,0,1
0.00651042806731468,0.004958229195836717,0,1
0.005432326879859092,9.47034477951971E-4,0,1
0.006598455509909264,0.004107510429822003,0,1
0.0057773282271759785,0.004371867386666021,0,1
0.005051389917807846,0.003964044027229974,0,1
0.003882849475442749,0.008297746982869116,0,1
0.0035547853808565624,0.010861234234146387,0,1
0.004409849113477824,0.008102479739688372,0,1
0.005625363928075697,0.007962120859857653,0,1
0.007722644847337344,0.007681230165611336,0,1
0.006867791355092924,0.009479266005128315,0,1
0.004978284033209244,0.00864861781727367,0,1
0.005561774747026106,0.0061210081005916754,0,1
0.00702423986187627,0.006930455861935818,0,1
0.005654822578377975,0.006840271108025572,0,1
0.007265778535393691,0.0069666046350299595,0,1
0.010112773404888212,0.007330498165053355,0,1
0.004158478595218322,0.0077093991507786175,0,1
0.0013977358864125148,0.012091223462287604,0,1
0.00299499680115506,0.008251316869770488,0,1
0.0024531531369208675,0.00896450745914515,0,1
0.002488017811288392,0.009991673138452494,0,1
0.0038893760828741636,0.008020736831488465,0,1
0.0065499177162640174,0.004973327690217135,0,1
0.004572030249561466,0.00430573098542737,0,1
0.00544908576689321,0.0060121479905364894,0,1
0.003755412182052142,0.005527615891324354,0,1
5.303955482604674E-4,0.007725160628050831,0,1
0.001495062137067836,0.006344453234887479,0,1
0.003513535080662262,0.0073797397384691675,0,1
0.0011358392487292852,0.006936152877217354,0,1
0.0041787814730439325,0.005522001685909687,0,1
0.004002301614989282,0.004316444209964253,0,1
0.003265863854114627,0.006084650079232199,0,1
0.0017875061266835845,0.004721429744116897,0,1
0.005113201987460144,0.003987732488884292,0,1
0.007286735074655768,0.007151144565221021,0,1
0.0026808238164470265,0.005386589192562336,0,1
0.004174330612971072,0.005663154867123387,0,1
0.0022856360950793313,-0.004853131084915924,0,1
0.003130059903213665,-0.0067123693338014,0,1
0.0038043306146350584,-0.006436729220326752,0,1
0.00552924013802996,-0.005896602925201823,0,1
0.004021907720408182,-0.006660468056575062,0,1
0.0012874578196767493,-0.005383751814885969,0,1
0.002387552349462011,-0.0031231796591589334,0,1
0.0011330207867054954,-0.004984775862635923,0,1
0.003503144302909068,-0.005187009328407383,0,1
0.002302188019246516,-0.0033301429478129778,0,1
0.0025127052579423477,-0.002456173812193726,0,1
0.003857367645205135,-0.003520800133982575,0,1
0.00313917847051586,-0.0036206662148760495,0,1
0.003368960783981401,-0.004243570358285235,0,1
0.006011026398904512,-0.0034176490293038354,0,1
0.004539819358616954,-0.0039129256767083224,0,1
1.7655492330564179E-4,-0.0035412333859745505,0,1
2.852358900040592E-4,-0.0029499595254233314,0,1
5.660600554941282E-4,-0.001994166772522564,0,1
0.001125625605731103,-0.0031694736911589273,0,1
0.003041790041819546,-0.0016463635742366373,0,1
0.002193328390244775,-0.0011273637017044568,0,1
8.617710610226533E-4,-0.0013384399592041936,0,1
0.001328050166005087,-0.004240820790457079,0,1
0.001197092494288414,-0.0033995629864845087,0,1
0.00391229148612369,-0.0020592063756675934,0,1
0.002740098942471272,-9.477812580950255E-4,0,1
0.0037320380710086816,-0.0013877079528173508,0,1
-0.001444123788788785,-6.882484904205438E-4,0,1
4.458111797388407E-4,-0.0013236286898143546,0,1
-0.0018356835117119402,-2.642716241271981E-4,0,1
0.0019507895524224297,-0.0011674422416223561,0,1
-0.001313936125467641,-0.00408016957060773,0,1
9.869477979429495E-4,-0.002603465199200931,0,1
-0.013284187373485088,-0.00864252313773577,0,1
-0.01570360886583577,-0.006463599563297525,0,1
-0.014002917995177732,-0.004901583906776686,0,1
-0.014921813465958958,-0.004553447509229297,0,1
